{"cameraMode":{"drawMode":0,"name":"Shaded","section":"Shading Mode"},"sceneLighting":true,"audioPlay":false,"sceneViewState":{"showFog":true,"showMaterialUpdate":false,"showSkybox":true,"showFlares":true,"showImageEffects":true,"showParticleSystems":true,"showVisualEffectGraphs":true,"m_FxEnabled":true},"in2DMode":false,"pivot":{"x":0.26716896891593935,"y":0.4265705347061157,"z":0.03507375717163086},"rotation":{"x":0.30552607774734499,"y":0.007141429465264082,"z":-0.0022914346773177387,"w":0.9521545767784119},"size":2.3249998092651369,"orthographic":false}