{"cameraMode":{"drawMode":0,"name":"Shaded","section":"Shading Mode"},"sceneLighting":false,"audioPlay":false,"sceneViewState":{"showFog":true,"showMaterialUpdate":false,"showSkybox":false,"showFlares":true,"showImageEffects":true,"showParticleSystems":true,"showVisualEffectGraphs":true,"m_FxEnabled":true},"in2DMode":false,"pivot":{"x":0.08078902959823609,"y":0.2565939724445343,"z":0.06723472476005554},"rotation":{"x":-0.12201481312513352,"y":0.10400579869747162,"z":-0.012857290916144848,"w":-0.9869827628135681},"size":0.5842007398605347,"orthographic":false}