{"cameraMode":{"drawMode":0,"name":"Shaded","section":"Shading Mode"},"sceneLighting":false,"audioPlay":false,"sceneViewState":{"showFog":true,"showMaterialUpdate":false,"showSkybox":false,"showFlares":true,"showImageEffects":true,"showParticleSystems":true,"showVisualEffectGraphs":true,"m_FxEnabled":true},"in2DMode":false,"pivot":{"x":-32.402591705322269,"y":3.7199997901916506,"z":-42.168792724609378},"rotation":{"x":0.36324360966682436,"y":0.033530451357364658,"z":-0.013082427904009819,"w":0.9309987425804138},"size":4.857986927032471,"orthographic":false}