{"cameraMode":{"drawMode":0,"name":"Shaded","section":"Shading Mode"},"sceneLighting":true,"audioPlay":false,"sceneViewState":{"showFog":true,"showMaterialUpdate":false,"showSkybox":true,"showFlares":true,"showImageEffects":true,"showParticleSystems":true,"showVisualEffectGraphs":true,"m_FxEnabled":true},"in2DMode":false,"pivot":{"x":-14.587128639221192,"y":70.64481353759766,"z":314.9131774902344},"rotation":{"x":-0.19540999829769135,"y":-0.03618268296122551,"z":0.007215616758912802,"w":-0.9800350666046143},"size":4.7717766761779789,"orthographic":false}