{"cameraMode":{"drawMode":0,"name":"Shaded","section":"Shading Mode"},"sceneLighting":false,"audioPlay":false,"sceneViewState":{"m_AlwaysRefresh":false,"showFog":true,"showSkybox":false,"showFlares":true,"showImageEffects":true,"showParticleSystems":true,"showVisualEffectGraphs":true,"m_FxEnabled":true},"in2DMode":false,"pivot":{"x":-0.22173011302947999,"y":0.5225180983543396,"z":0.27334678173065188},"rotation":{"x":0.184128999710083,"y":-0.39405694603919985,"z":0.08090537041425705,"w":0.8968159556388855},"size":1.1785409450531006,"orthographic":true}