{"cameraMode":{"drawMode":0,"name":"Shaded","section":"Shading Mode"},"sceneLighting":true,"audioPlay":false,"sceneViewState":{"showFog":true,"showMaterialUpdate":false,"showSkybox":true,"showFlares":true,"showImageEffects":true,"showParticleSystems":true,"showVisualEffectGraphs":true,"m_FxEnabled":true},"in2DMode":false,"pivot":{"x":-0.3160429000854492,"y":19.149063110351564,"z":-0.755903959274292},"rotation":{"x":0.43631255626678469,"y":0.0040490031242370609,"z":-0.0019635495264083149,"w":0.8997870087623596},"size":17.187341690063478,"orthographic":true}