{"cameraMode":{"drawMode":0,"name":"Shaded","section":"Shading Mode"},"sceneLighting":true,"audioPlay":false,"sceneViewState":{"showFog":true,"showMaterialUpdate":false,"showSkybox":true,"showFlares":true,"showImageEffects":true,"showParticleSystems":true,"showVisualEffectGraphs":true,"m_FxEnabled":true},"in2DMode":false,"pivot":{"x":1.9250197410583497,"y":-0.8382368087768555,"z":-3.582672119140625},"rotation":{"x":0.20111380517482758,"y":-0.005877119954675436,"z":0.0012067503994330764,"w":0.9795421361923218},"size":12.84698486328125,"orthographic":false}