{"cameraMode":{"drawMode":0,"name":"Shaded","section":"Shading Mode"},"sceneLighting":true,"audioPlay":false,"sceneViewState":{"showFog":true,"showMaterialUpdate":false,"showSkybox":true,"showFlares":true,"showImageEffects":true,"showParticleSystems":true,"showVisualEffectGraphs":true,"m_FxEnabled":true},"in2DMode":false,"pivot":{"x":-13.27292251586914,"y":9.594371795654297,"z":-10.526385307312012},"rotation":{"x":0.29121094942092898,"y":-0.007174919359385967,"z":0.002183977048844099,"w":0.9566320776939392},"size":6.522277355194092,"orthographic":true}