{"cameraMode":{"drawMode":0,"name":"Shaded","section":"Shading Mode"},"sceneLighting":false,"audioPlay":false,"sceneViewState":{"showFog":true,"showMaterialUpdate":false,"showSkybox":false,"showFlares":true,"showImageEffects":true,"showParticleSystems":true,"showVisualEffectGraphs":true,"m_FxEnabled":true},"in2DMode":false,"pivot":{"x":-0.04618382453918457,"y":-0.035271644592285159,"z":-0.04121805727481842},"rotation":{"x":0.14093023538589478,"y":-0.8157312870025635,"z":0.22339902818202973,"w":0.5145992636680603},"size":0.26381075382232668,"orthographic":false}