{"cameraMode":{"drawMode":0,"name":"Shaded","section":"Shading Mode"},"sceneLighting":false,"audioPlay":false,"sceneViewState":{"showFog":true,"showMaterialUpdate":false,"showSkybox":false,"showFlares":true,"showImageEffects":true,"showParticleSystems":true,"showVisualEffectGraphs":true,"m_FxEnabled":true},"in2DMode":false,"pivot":{"x":-0.5641953945159912,"y":0.27073776721954348,"z":1.039632797241211},"rotation":{"x":0.06165727600455284,"y":-0.9376069903373718,"z":0.22200855612754823,"w":0.2603970170021057},"size":2.0713999271392824,"orthographic":false}