{"cameraMode":{"drawMode":0,"name":"Shaded","section":"Shading Mode"},"sceneLighting":true,"audioPlay":false,"sceneViewState":{"showFog":true,"showMaterialUpdate":false,"showSkybox":true,"showFlares":true,"showImageEffects":true,"showParticleSystems":true,"showVisualEffectGraphs":true,"m_FxEnabled":true},"in2DMode":false,"pivot":{"x":2.8274998664855959,"y":0.7750000953674316,"z":0.5749998092651367},"rotation":{"x":0.38290950655937197,"y":0.015241400338709355,"z":-0.006318582221865654,"w":0.9236394166946411},"size":3.1568548679351808,"orthographic":false}